"100","Bike","A Simple Kids Bike","0.0","false","","0","Toy","ride-on",
"101","Cricket Bat","A Wooden Cricket Bat","0.0","false","","0","Toy","sport",
"102","Duplo Kit 1","a Simple Duplo Kit","0.0","false","","0","Toy","construction",
"103","Spiderman","A Spiderman outfit","0.0","false","","0","DressUp","12","Movies","3",
"104","Superman","a Superman outfit","0.0","false","","0","DressUp","13","super-heros","4",
"105","Jumping Castle","a large jumping castle","250.0","true","Mutimer. Adam","52","PlayEquipment","45.0","400.0","500.0","600.0",
